schedule_id,time_difference_minutes,is_adherent
1,57,0
2,140,0
3,71,1
4,279,0
5,216,1
6,47,1
7,258,0
8,287,0
9,279,0
10,229,0
11,3,1
12,81,1
13,174,0
14,110,1
15,172,0
16,194,0
17,176,0
18,22,1
19,274,0
20,193,0
21,150,0
22,185,0
23,35,0
24,116,1
25,40,1
26,51,1
27,232,0
28,186,0
29,181,0
30,136,0
31,36,1
32,87,1
33,125,0
34,194,0
35,285,0
36,166,0
37,28,1
38,16,1
39,205,0
40,108,1
41,290,0
42,161,0
43,255,0
44,234,0
45,71,1
46,287,0
47,299,0
48,298,0
49,112,1
50,70,1
51,46,1
52,56,1
53,81,1
54,216,0
55,197,0
56,239,0
57,283,0
58,5,1
59,58,1
60,274,0
61,174,0
62,222,0
63,1,1
64,134,0
65,91,1
66,54,1
67,152,0
68,259,0
69,78,1
70,82,1
71,271,0
72,165,0
73,57,1
74,157,0
75,123,0
76,40,1
77,248,0
78,272,0
79,65,1
80,281,0
81,270,0
82,216,0
83,276,0
84,102,1
85,204,0
86,191,0
87,264,0
88,126,0
89,173,1
90,283,0
91,112,0
92,30,1
93,16,1
94,36,1
95,142,0
96,109,1
97,292,0
98,124,0
99,208,0
100,49,1
101,181,0
102,239,0
103,27,1
104,50,0
105,173,0
106,55,1
107,97,1
108,71,1
109,142,0
110,38,1
111,281,0
112,276,0
113,47,1
114,121,0
115,248,0
116,205,0
117,84,1
118,199,0
119,232,0
120,284,0
121,249,0
122,151,0
123,29,1
124,277,0
125,160,0
126,299,0
127,271,0
128,260,0
129,95,0
130,34,1
131,120,1
132,291,0
133,20,1
134,214,0
135,289,0
136,133,0
137,160,0
138,202,0
139,153,0
140,37,0
141,288,0
142,37,1
143,259,0
144,178,0
145,125,0
146,80,1
147,278,0
148,270,1
149,283,0
150,53,1
151,68,1
152,54,1
153,79,1
154,107,1
155,104,1
156,135,0
157,128,0
158,26,1
159,216,0
160,22,0
161,66,1
162,134,0
163,226,0
164,218,0
165,57,0
166,76,1
167,189,0
168,75,1
169,21,1
170,20,1
171,107,1
172,52,1
173,286,0
174,208,0
175,79,1
176,121,0
177,90,1
178,12,1
179,170,0
180,210,0
181,127,0
182,55,1
183,19,1
184,113,1
185,235,0
186,116,1
187,98,1
188,142,0
189,142,0
190,260,0
191,274,0
192,14,1
193,133,0
194,135,1
195,222,0
196,160,0
197,261,0
198,295,0
199,22,1
200,0,1
201,275,0
202,100,1
203,35,1
204,169,0
205,63,1
206,153,0
207,209,0
208,151,0
209,98,1
210,194,0
211,89,1
212,154,0
213,0,1
214,107,1
215,296,0
216,164,0
217,226,0
218,261,0
219,86,1
220,145,0
221,171,0
222,120,1
223,115,1
224,75,0
225,125,0
226,37,1
227,294,0
228,196,0
229,124,0
230,2,1
231,54,1
232,112,1
233,265,0
234,285,0
235,62,1
236,237,0
237,286,0
238,226,0
239,258,0
240,280,0
241,81,1
242,243,0
243,126,0
244,141,0
245,266,0
246,122,0
247,39,1
248,120,1
249,163,0
250,41,1
251,118,1
252,78,1
253,32,1
254,169,0
255,212,0
256,215,0
257,299,0
258,10,1
259,294,0
260,3,1
261,152,0
262,214,0
263,279,0
264,112,1
265,139,0
266,14,1
267,207,0
268,239,0
269,273,1
270,201,0
271,13,1
272,219,0
273,236,0
274,133,0
275,108,1
276,172,0
277,194,0
278,215,0
279,41,1
280,276,0
281,179,0
282,35,1
283,20,1
284,126,0
285,10,1
286,122,0
287,58,1
288,111,1
289,131,0
290,85,1
291,58,1
292,83,1
293,55,1
294,159,0
295,192,0
296,101,0
297,124,0
298,154,0
299,61,1
300,289,0
301,177,0
302,189,0
303,174,1
304,215,0
305,54,1
306,185,0
307,235,0
308,222,0
309,267,0
310,138,0
311,275,0
312,238,0
313,137,0
314,125,0
315,44,1
316,230,0
317,237,0
318,194,0
319,253,0
320,93,1
321,181,0
322,174,0
323,141,0
324,264,0
325,43,1
326,208,0
327,123,0
328,251,0
329,8,1
330,113,1
331,124,0
332,297,0
333,283,0
334,217,0
335,281,0
336,232,0
337,128,0
338,98,1
339,274,0
340,94,1
341,247,0
342,268,0
343,51,1
344,151,0
345,91,1
346,273,0
347,23,1
348,283,0
349,64,1
350,251,0
351,6,1
352,240,0
353,174,0
354,26,1
355,244,0
356,33,1
357,37,1
358,27,1
359,288,0
360,43,1
361,60,1
362,213,0
363,115,1
364,194,0
365,226,0
366,219,0
367,30,1
368,50,1
369,106,1
370,135,0
371,80,1
372,282,0
373,1,1
374,240,0
375,118,1
376,144,0
377,232,0
378,119,1
379,101,1
380,278,0
381,76,1
382,72,0
383,84,1
384,291,0
385,224,0
386,155,0
387,139,0
388,252,0
389,20,1
390,165,0
391,13,1
392,294,0
393,10,1
394,137,0
395,89,1
396,226,0
397,92,1
398,223,0
399,251,0
400,240,0
401,170,0
402,53,1
403,168,0
404,253,0
405,205,0
406,281,1
407,45,1
408,165,0
409,206,0
410,0,1
411,277,0
412,27,1
413,185,0
414,255,0
415,26,1
416,281,0
417,147,0
418,248,0
419,122,0
420,159,0
421,282,0
422,115,1
423,58,1
424,60,1
425,78,1
426,149,0
427,139,0
428,247,0
429,124,0
430,74,1
431,260,0
432,69,1
433,141,0
434,212,0
435,259,0
436,1,1
437,152,0
438,296,0
439,250,0
440,228,0
441,176,0
442,278,0
443,164,0
444,122,0
445,119,1
446,210,1
447,242,0
448,195,0
449,77,1
450,18,1
451,169,0
452,225,0
453,233,1
454,73,1
455,79,0
456,135,0
457,203,0
458,168,0
459,273,0
460,162,0
461,249,0
462,18,1
463,120,1
464,147,0
465,46,1
466,50,1
467,51,1
468,153,0
469,23,1
470,28,1
471,191,0
472,125,0
473,289,0
474,92,1
475,40,1
476,195,0
477,123,0
478,298,0
479,236,0
480,235,0
481,4,1
482,238,0
483,279,0
484,226,0
485,300,0
486,217,0
487,233,0
488,101,1
489,247,0
490,195,0
491,294,0
492,151,1
493,202,0
494,289,0
495,25,1
496,254,0
497,146,0
498,117,1
499,180,0
500,97,1
501,70,1
502,20,1
503,225,1
504,186,0
505,46,1
506,167,0
507,89,1
508,276,0
509,187,0
510,139,0
511,131,0
512,246,0
513,151,0
514,173,0
515,239,0
516,72,1
517,115,1
518,203,0
519,285,0
520,202,1
521,274,0
522,188,0
523,134,0
524,190,0
525,119,1
526,287,0
527,113,1
528,237,0
529,154,0
530,59,1
531,19,1
532,252,0
533,120,1
534,69,1
535,189,0
536,276,0
537,79,1
538,50,1
539,208,0
540,143,1
541,189,0
542,227,0
543,185,0
544,188,0
545,183,0
546,141,0
547,62,1
548,232,0
549,108,1
550,10,0
551,170,0
552,64,1
553,105,0
554,283,0
555,110,1
556,119,1
557,75,1
558,1,1
559,74,1
560,276,0
561,89,1
562,13,1
563,183,0
564,121,0
565,8,1
566,26,1
567,215,0
568,32,1
569,185,0
570,55,1
571,113,1
572,22,1
573,266,0
574,15,0
575,245,0
576,218,0
577,251,0
578,227,0
579,41,1
580,75,0
581,140,0
582,299,0
583,166,0
584,271,0
585,258,0
586,50,1
587,58,1
588,282,0
589,110,1
590,116,1
591,232,0
592,48,1
593,160,0
594,191,0
595,242,0
596,43,1
597,49,1
598,190,0
599,284,0
600,287,0
601,62,1
602,216,0
603,26,1
604,159,0
605,295,0
606,79,1
607,114,1
608,179,0
609,188,0
610,142,0
611,219,0
612,285,1
613,136,1
614,139,0
615,158,0
616,179,1
617,73,1
618,205,0
619,15,1
620,271,0
621,214,0
622,80,1
623,166,0
624,290,0
625,26,1
626,25,1
627,139,0
628,217,0
629,226,0
630,110,1
631,58,1
632,56,1
633,249,0
634,157,1
635,202,0
636,28,0
637,154,0
638,70,1
639,148,0
640,3,1
641,220,0
642,194,0
643,117,1
644,181,0
645,21,1
646,235,0
647,160,0
648,293,0
649,213,0
650,207,1
651,166,0
652,235,0
653,185,0
654,54,1
655,205,0
656,202,0
657,173,0
658,86,0
659,58,1
660,99,1
661,178,0
662,75,1
663,74,1
664,88,1
665,38,1
666,252,0
667,288,0
668,229,0
669,289,0
670,165,0
671,161,0
672,34,1
673,155,0
674,28,1
675,37,1
676,231,1
677,188,0
678,39,1
679,46,1
680,259,0
681,297,0
682,21,1
683,292,0
684,164,0
685,256,0
686,31,1
687,175,0
688,43,1
689,88,0
690,224,0
691,268,0
692,81,1
693,144,0
694,173,0
695,26,1
696,171,0
697,48,1
698,197,0
699,76,1
700,298,0
701,179,0
702,200,0
703,43,1
704,192,0
705,168,0
706,269,0
707,216,0
708,9,1
709,92,1
710,174,0
711,248,0
712,70,1
713,151,0
714,51,1
715,276,0
716,269,1
717,172,0
718,67,1
719,78,1
720,84,1
721,22,1
722,121,0
723,145,0
724,229,0
725,122,0
726,240,0
727,99,1
728,292,0
729,236,0
730,195,0
731,214,0
732,102,1
733,70,1
734,26,1
735,190,0
736,52,1
737,264,0
738,145,0
739,82,1
740,262,0
741,223,0
742,113,1
743,178,0
744,212,0
745,257,0
746,197,0
747,191,0
748,163,0
749,171,0
750,70,0
751,241,0
752,71,1
753,240,0
754,2,1
755,9,1
756,76,1
757,270,0
758,147,0
759,62,0
760,214,0
761,234,0
762,255,0
763,8,1
764,294,0
765,73,1
766,0,1
767,123,0
768,95,1
769,43,1
770,184,0
771,269,0
772,259,0
773,199,0
774,22,1
775,191,0
776,8,1
777,34,1
778,53,1
779,170,0
780,180,0
781,89,1
782,237,0
783,245,0
784,69,0
785,234,1
786,103,0
787,102,1
788,161,0
789,263,0
790,278,0
791,18,1
792,97,1
793,24,1
794,169,0
795,188,0
796,204,0
797,197,0
798,95,1
799,254,0
800,265,0
801,42,1
802,40,1
803,92,1
804,164,0
805,167,0
806,156,0
807,218,0
808,227,0
809,21,1
810,180,0
811,222,0
812,29,0
813,207,0
814,81,1
815,73,1
816,224,1
817,34,1
818,187,0
819,290,1
820,78,1
821,189,0
822,39,1
823,271,0
824,160,0
825,127,0
826,13,1
827,255,0
828,287,0
829,133,0
830,109,1
831,146,0
832,251,0
833,69,1
834,231,0
835,227,0
836,163,0
837,33,1
838,148,0
839,80,1
840,89,1
841,260,0
842,102,1
843,121,0
844,13,1
845,293,0
846,282,0
847,44,0
848,203,0
849,245,0
850,209,0
851,37,1
852,162,0
853,230,0
854,264,0
855,282,0
856,93,1
857,66,1
858,28,1
859,265,0
860,84,1
861,115,1
862,265,0
863,40,1
864,282,0
865,155,0
866,47,1
867,86,1
868,297,0
869,172,0
870,288,1
871,14,1
872,295,0
873,107,1
874,213,0
875,15,1
876,279,0
877,154,0
878,207,0
879,37,1
880,80,1
881,247,0
882,174,0
883,160,0
884,163,0
885,176,0
886,66,1
887,263,0
888,163,0
889,62,1
890,126,0
891,25,1
892,196,0
893,214,0
894,81,1
895,295,0
896,97,1
897,255,0
898,239,0
899,157,0
900,46,1
901,258,0
902,123,0
903,180,1
904,144,0
905,240,0
906,4,1
907,220,0
908,135,0
909,206,0
910,205,0
911,287,0
912,283,0
913,197,0
914,281,0
915,60,1
916,49,1
917,173,0
918,187,0
919,101,1
920,205,0
921,23,0
922,170,0
923,265,0
924,263,0
925,163,0
926,153,0
927,259,0
928,272,0
929,288,0
930,8,1
931,56,1
932,298,0
933,13,1
934,135,0
935,296,0
936,26,1
937,87,1
938,194,0
939,124,1
940,56,1
941,225,0
942,77,1
943,104,1
944,241,0
945,31,1
946,265,0
947,166,0
948,244,0
949,160,0
950,235,0
951,175,0
952,135,0
953,98,1
954,142,0
955,115,1
956,152,0
957,106,1
958,250,0
959,178,0
960,140,0
961,293,0
962,194,0
963,202,0
964,74,1
965,147,0
966,40,1
967,226,0
968,245,0
969,275,0
970,287,0
971,70,1
972,300,0
973,25,1
974,271,0
975,119,0
976,211,0
977,241,0
978,70,0
979,281,0
980,80,1
981,243,0
982,102,1
983,147,0
984,30,1
985,45,1
986,118,1
987,19,1
988,89,1
989,90,1
990,18,1
991,203,0
992,95,1
993,148,0
994,4,1
995,54,1
996,171,0
997,278,0
998,68,1
999,239,0
1000,57,1
1001,234,0
1002,95,0
1003,172,0
1004,290,0
1005,98,1
1006,207,0
1007,263,0
1008,205,0
1009,94,1
1010,244,0
1011,127,1
1012,196,0
1013,136,0
1014,154,0
1015,293,1
1016,184,0
1017,31,1
1018,238,0
1019,207,0
1020,159,0
1021,151,0
1022,113,1
1023,68,1
1024,232,0
1025,191,0
1026,281,0
1027,275,0
1028,111,1
1029,41,1
1030,270,0
1031,39,1
1032,57,0
1033,280,0
1034,103,1
1035,76,1
1036,266,0
1037,105,1
1038,250,0
1039,261,0
1040,28,1
1041,262,0
1042,288,0
1043,236,0
1044,157,0
1045,202,0
1046,1,1
1047,296,0
1048,216,0
1049,32,1
1050,30,1
1051,35,1
1052,241,1
1053,209,0
1054,69,1
1055,215,0
1056,195,0
1057,193,0
1058,276,0
1059,178,0
1060,275,0
1061,65,1
1062,114,1
1063,11,1
1064,237,0
1065,278,0
1066,194,0
1067,126,0
1068,79,1
1069,57,0
1070,214,0
1071,8,1
1072,34,1
1073,17,1
1074,24,1
1075,22,1
1076,119,1
1077,28,1
1078,148,0
1079,294,0
1080,164,0
1081,73,1
1082,266,0
1083,153,0
1084,285,0
1085,89,1
1086,218,0
1087,24,1
1088,195,0
1089,163,0
1090,209,0
1091,192,0
1092,275,0
1093,115,1
1094,73,1
1095,29,1
1096,213,0
1097,68,1
1098,130,0
1099,40,1
1100,189,0
1101,97,0
1102,193,0
1103,20,1
1104,96,1
1105,300,0
1106,286,0
1107,106,1
1108,170,0
1109,7,1
1110,97,1
1111,60,1
1112,245,0
1113,104,1
1114,122,0
1115,144,0
1116,273,0
1117,157,0
1118,262,0
1119,238,0
1120,240,0
1121,163,0
1122,189,0
1123,23,1
1124,113,1
1125,8,1
1126,299,0
1127,213,0
1128,100,1
1129,194,0
1130,125,0
1131,172,0
1132,250,0
1133,251,0
1134,180,0
1135,279,0
1136,277,0
1137,30,1
1138,38,1
1139,24,1
1140,211,0
1141,118,0
1142,77,0
1143,258,0
1144,30,1
1145,247,0
1146,8,0
1147,282,0
1148,8,1
1149,140,0
1150,146,1
1151,220,0
1152,91,1
1153,49,1
1154,123,0
1155,269,0
1156,181,0
1157,203,0
1158,207,0
1159,124,0
1160,115,1
1161,41,1
1162,16,1
1163,194,0
1164,243,0
1165,4,1
1166,42,1
1167,222,0
1168,169,0
1169,48,1
1170,21,1
1171,290,0
1172,23,1
1173,143,0
1174,288,0
1175,91,1
1176,161,1
1177,106,1
1178,203,0
1179,153,0
1180,123,0
1181,199,0
1182,276,0
1183,71,1
1184,40,1
1185,177,0
1186,223,0
1187,38,1
1188,203,0
1189,167,1
1190,139,0
1191,230,0
1192,182,0
1193,192,0
1194,299,0
1195,43,1
1196,151,0
1197,37,1
1198,78,1
1199,78,1
1200,162,0
1201,46,0
1202,157,0
1203,138,0
1204,44,1
1205,229,0
1206,262,0
1207,13,1
1208,283,0
1209,166,0
1210,6,1
1211,198,0
1212,286,0
1213,124,0
1214,86,1
1215,86,1
1216,154,0
1217,74,0
1218,222,0
1219,153,0
1220,39,1
1221,126,0
1222,253,0
1223,100,1
1224,69,1
1225,202,0
1226,194,0
1227,168,0
1228,220,0
1229,69,1
1230,102,1
1231,90,1
1232,163,0
1233,251,0
1234,124,0
1235,143,0
1236,201,0
1237,288,0
1238,279,0
1239,281,1
1240,236,0
1241,107,1
1242,149,0
1243,35,1
1244,209,0
1245,71,1
1246,123,0
1247,78,1
1248,193,0
1249,245,0
1250,273,0
1251,214,0
1252,184,0
1253,274,0
1254,43,1
1255,127,0
1256,181,0
1257,22,1
1258,204,0
1259,169,0
1260,220,0
1261,50,1
1262,261,0
1263,285,0
1264,294,0
1265,191,0
1266,256,0
1267,12,1
1268,151,0
1269,43,1
1270,72,1
1271,175,0
1272,105,1
1273,178,0
1274,224,0
1275,231,0
1276,153,1
1277,58,0
1278,175,0
1279,84,1
1280,124,0
1281,282,0
1282,286,0
1283,236,0
1284,207,0
1285,95,1
1286,221,0
1287,101,1
1288,219,0
1289,109,1
1290,32,1
1291,274,0
1292,166,0
1293,58,1
1294,250,0
1295,160,0
1296,200,0
1297,178,0
1298,234,0
1299,152,0
1300,43,1
1301,160,0
1302,156,0
1303,191,0
1304,261,0
1305,70,1
1306,216,0
1307,275,0
1308,88,1
1309,250,0
1310,95,1
1311,230,0
1312,183,0
1313,248,0
1314,196,0
1315,258,0
1316,209,0
1317,212,0
1318,227,0
1319,42,1
1320,112,1
1321,140,0
1322,147,0
1323,234,0
1324,253,0
1325,57,1
1326,137,0
1327,187,0
1328,21,1
1329,225,0
1330,217,0
1331,126,0
1332,16,1
1333,178,0
1334,44,1
1335,60,1
1336,121,0
1337,179,0
1338,219,0
1339,71,1
1340,105,1
1341,291,0
1342,143,0
1343,86,1
1344,149,0
1345,136,0
1346,263,0
1347,48,1
1348,210,0
1349,141,0
1350,64,1
1351,67,1
1352,164,0
1353,201,0
1354,295,0
1355,212,0
1356,38,1
1357,47,1
1358,142,0
1359,188,0
1360,249,0
1361,1,1
1362,47,1
1363,234,0
1364,183,0
1365,273,0
1366,219,0
1367,253,0
1368,145,0
1369,295,0
1370,248,0
1371,24,0
1372,235,1
1373,80,1
1374,0,1
1375,219,0
1376,67,1
1377,154,0
1378,140,0
1379,184,0
1380,190,0
1381,84,0
1382,156,0
1383,119,1
1384,46,1
1385,0,1
1386,39,1
1387,115,1
1388,227,1
1389,175,0
1390,216,0
1391,244,0
1392,196,0
1393,52,1
1394,188,0
1395,70,1
1396,68,1
1397,73,0
1398,288,1
1399,84,1
1400,109,1
1401,77,1
1402,226,0
1403,44,1
1404,71,1
1405,196,0
1406,219,0
1407,71,1
1408,43,1
1409,145,0
1410,13,1
1411,154,0
1412,260,0
1413,200,0
1414,27,1
1415,122,0
1416,57,1
1417,36,1
1418,6,1
1419,162,0
1420,291,0
1421,279,0
1422,241,0
1423,37,0
1424,34,0
1425,110,0
1426,30,1
1427,203,0
1428,256,0
1429,216,0
1430,42,1
1431,275,0
1432,142,0
1433,40,1
1434,104,1
1435,79,1
1436,200,0
1437,33,1
1438,223,0
1439,122,0
1440,44,1
1441,59,1
1442,28,1
1443,89,1
1444,70,1
1445,83,1
1446,177,0
1447,132,0
1448,64,1
1449,137,0
1450,60,1
1451,15,1
1452,219,0
1453,32,1
1454,295,0
1455,254,0
1456,184,0
1457,290,0
1458,80,1
1459,52,1
1460,59,1
1461,260,1
1462,6,1
1463,241,0
1464,76,1
1465,18,1
1466,214,0
1467,127,0
1468,163,0
1469,39,1
1470,61,1
1471,26,1
1472,264,0
1473,205,0
1474,238,0
1475,159,0
1476,283,0
1477,188,0
1478,288,0
1479,124,0
1480,252,0
1481,100,1
1482,279,0
1483,125,0
1484,209,1
1485,277,0
1486,4,1
1487,0,1
1488,192,0
1489,157,0
1490,271,0
1491,214,0
1492,30,1
1493,72,1
1494,47,0
1495,118,1
1496,266,0
1497,190,0
1498,43,1
1499,258,0
1500,201,0
1501,290,0
1502,66,1
1503,133,0
1504,201,0
1505,167,0
1506,139,0
1507,103,1
1508,299,0
1509,54,1
1510,238,0
1511,61,1
1512,106,1
1513,237,0
1514,61,1
1515,155,0
1516,20,1
1517,167,0
1518,127,0
1519,202,0
1520,153,0
1521,89,0
1522,207,0
1523,284,0
1524,127,0
1525,52,1
1526,71,1
1527,31,1
1528,113,1
1529,205,0
1530,43,1
1531,132,0
1532,38,0
1533,33,1
1534,227,0
1535,47,1
1536,169,0
1537,236,0
1538,293,0
1539,202,0
1540,195,0
1541,88,1
1542,95,1
1543,228,0
1544,17,1
1545,125,0
1546,255,0
1547,281,0
1548,44,1
1549,70,1
1550,269,0
1551,278,0
1552,195,0
1553,183,0
1554,248,0
1555,289,0
1556,198,0
1557,13,1
1558,112,0
1559,143,0
1560,241,0
1561,299,0
1562,81,1
1563,123,0
1564,28,1
1565,112,1
1566,198,0
1567,88,1
1568,162,0
1569,183,0
1570,14,1
1571,180,0
1572,288,0
1573,96,1
1574,252,0
1575,89,1
1576,46,0
1577,112,0
1578,244,1
1579,103,1
1580,174,0
1581,165,0
1582,75,1
1583,72,1
1584,269,0
1585,37,1
1586,202,0
1587,172,0
1588,69,1
1589,223,0
1590,249,0
1591,89,1
1592,287,0
1593,182,0
1594,89,1
1595,150,0
1596,0,1
1597,293,0
1598,290,1
1599,162,0
1600,113,1
1601,53,1
1602,72,1
1603,39,1
1604,163,0
1605,45,1
1606,171,0
1607,135,0
1608,34,1
1609,55,1
1610,24,1
1611,214,0
1612,211,0
1613,193,0
1614,192,0
1615,245,0
1616,295,0
1617,115,1
1618,37,1
1619,17,1
1620,163,0
1621,53,0
1622,87,1
1623,82,1
1624,280,0
1625,47,1
1626,247,0
1627,220,0
1628,84,1
1629,222,0
1630,51,1
1631,97,1
1632,283,0
1633,276,0
1634,144,0
1635,49,0
1636,292,0
1637,251,0
1638,184,1
1639,44,1
1640,245,0
1641,13,1
1642,149,0
1643,242,0
1644,157,0
1645,241,0
1646,135,0
1647,278,0
1648,189,0
1649,189,0
1650,22,1
1651,238,0
1652,137,0
1653,77,1
1654,49,1
1655,176,0
1656,211,0
1657,116,1
1658,198,0
1659,214,0
1660,243,0
1661,120,1
1662,40,1
1663,17,1
1664,264,0
1665,75,1
1666,229,0
1667,85,1
1668,98,1
1669,216,0
1670,222,0
1671,75,1
1672,132,0
1673,34,1
1674,284,0
1675,166,0
1676,266,0
1677,6,1
1678,300,0
1679,214,0
1680,76,1
1681,298,0
1682,51,1
1683,288,0
1684,146,0
1685,176,0
1686,135,0
1687,248,0
1688,242,1
1689,141,0
1690,205,1
1691,169,0
1692,25,1
1693,137,0
1694,10,1
1695,155,0
1696,251,0
1697,50,1
1698,116,1
1699,226,0
1700,164,0
1701,213,0
1702,45,1
1703,108,1
1704,208,0
1705,264,0
1706,28,1
1707,81,0
1708,259,0
1709,268,0
1710,14,1
1711,102,1
1712,127,1
1713,25,1
1714,101,1
1715,237,0
1716,63,1
1717,123,0
1718,228,0
1719,242,0
1720,179,0
1721,132,0
1722,46,1
1723,197,1
1724,292,0
1725,109,1
1726,115,1
1727,137,0
1728,262,1
1729,4,1
1730,67,1
1731,4,1
1732,156,0
1733,140,0
1734,192,0
1735,235,0
1736,238,0
1737,266,0
1738,203,0
1739,3,1
1740,191,0
1741,144,0
1742,55,1
1743,172,0
1744,166,0
1745,133,0
1746,152,0
1747,264,0
1748,29,1
1749,206,0
1750,71,1
1751,254,0
1752,132,0
1753,207,0
1754,18,1
1755,292,0
1756,175,0
1757,113,1
1758,243,0
1759,183,0
1760,87,1
1761,285,0
1762,49,1
1763,132,0
1764,286,0
1765,93,1
1766,171,0
1767,113,1
1768,157,0
1769,169,0
1770,299,0
1771,60,1
1772,298,0
1773,36,1
1774,99,1
1775,195,0
1776,211,0
1777,77,1
1778,102,1
1779,291,0
1780,234,0
1781,92,1
1782,249,0
1783,90,1
1784,29,0
1785,140,0
1786,86,1
1787,81,1
1788,45,1
1789,222,0
1790,206,0
1791,244,0
1792,19,1
1793,191,0
1794,164,0
1795,271,0
1796,2,1
1797,127,0
1798,176,0
1799,52,1
1800,156,0
1801,23,1
1802,148,0
1803,266,0
1804,172,0
1805,68,1
1806,250,0
1807,96,1
1808,206,1
1809,114,1
1810,67,1
1811,11,1
1812,86,1
1813,19,1
1814,130,0
1815,24,1
1816,24,1
1817,10,0
1818,59,1
1819,194,0
1820,129,0
1821,78,1
1822,4,1
1823,51,1
1824,138,0
1825,70,1
1826,53,1
1827,60,1
1828,54,1
1829,102,1
1830,267,0
1831,183,0
1832,151,0
1833,280,0
1834,106,1
1835,246,0
1836,1,0
1837,45,1
1838,293,0
1839,76,1
1840,261,0
1841,51,1
1842,118,1
1843,151,0
1844,25,1
1845,89,1
1846,148,0
1847,160,0
1848,59,1
1849,23,0
1850,70,1
1851,87,1
1852,224,0
1853,137,0
1854,47,1
1855,175,0
1856,205,0
1857,233,0
1858,197,0
1859,244,0
1860,85,1
1861,30,1
1862,81,1
1863,247,0
1864,224,0
1865,194,0
1866,14,1
1867,66,1
1868,249,0
1869,210,0
1870,32,1
1871,160,1
1872,268,0
1873,295,0
1874,114,1
1875,173,0
1876,48,1
1877,127,0
1878,197,0
1879,285,0
1880,27,0
1881,80,1
1882,240,0
1883,84,0
1884,251,0
1885,169,0
1886,25,1
1887,281,0
1888,206,0
1889,40,1
1890,293,0
1891,255,0
1892,60,1
1893,9,1
1894,211,1
1895,281,1
1896,46,1
1897,155,0
1898,287,0
1899,233,0
1900,186,0
1901,114,1
1902,169,0
1903,242,0
1904,186,0
1905,58,1
1906,113,0
1907,181,0
1908,149,0
1909,191,0
1910,23,1
1911,252,0
1912,209,0
1913,100,1
1914,201,0
1915,97,1
1916,55,1
1917,23,1
1918,63,1
1919,230,0
1920,258,0
1921,255,1
1922,24,1
1923,221,0
1924,247,0
1925,90,1
1926,88,1
1927,65,1
1928,164,0
1929,196,0
1930,127,0
1931,175,0
1932,231,0
1933,70,1
1934,262,0
1935,280,0
1936,283,0
1937,102,1
1938,148,0
1939,67,1
1940,91,1
1941,165,0
1942,180,0
1943,298,0
1944,213,0
1945,273,0
1946,216,0
1947,267,0
1948,195,0
1949,28,1
1950,82,1
1951,128,0
1952,31,1
1953,151,0
1954,277,1
1955,231,0
1956,287,0
1957,287,0
1958,261,0
1959,147,0
1960,24,1
1961,198,0
1962,160,0
1963,27,0
1964,128,0
1965,226,0
1966,188,0
1967,279,0
1968,100,1
1969,99,1
1970,90,1
1971,38,1
1972,88,1
1973,61,1
1974,219,0
1975,135,0
1976,299,0
1977,2,1
1978,79,0
1979,165,0
1980,154,0
1981,293,0
1982,37,1
1983,162,0
1984,94,1
1985,258,0
1986,278,0
1987,47,1
1988,109,1
1989,169,0
1990,111,1
1991,271,0
1992,287,0
1993,4,1
1994,177,0
1995,124,0
1996,164,0
1997,58,1
1998,276,0
1999,12,1
2000,191,0
2001,260,0
2002,22,1
2003,98,1
2004,42,1
2005,85,1
2006,275,0
2007,33,1
2008,109,1
2009,217,0
2010,105,1
2011,222,0
2012,36,1
2013,78,0
2014,169,1
2015,37,0
2016,128,0
2017,294,0
2018,132,0
2019,230,0
2020,221,0
2021,199,0
2022,273,1
2023,32,1
2024,299,1
2025,37,1
2026,257,0
2027,154,0
2028,144,0
2029,224,0
2030,15,1
2031,273,0
2032,200,0
2033,279,0
2034,73,1
2035,191,0
2036,5,1
2037,284,0
2038,21,0
2039,201,0
2040,43,1
2041,176,0
2042,262,0
2043,94,1
2044,129,0
2045,92,1
2046,290,0
2047,281,0
2048,281,0
2049,34,1
2050,101,1
2051,249,0
2052,182,0
2053,120,1
2054,35,1
2055,162,0
2056,168,0
2057,156,0
2058,78,1
2059,186,0
2060,219,0
2061,160,0
2062,113,1
2063,223,0
2064,184,0
2065,169,0
2066,236,0
2067,156,0
2068,55,1
2069,41,1
2070,71,1
2071,100,1
2072,39,1
2073,9,1
2074,15,1
2075,296,0
2076,108,1
2077,282,0
2078,276,0
2079,76,1
2080,114,1
2081,148,0
2082,256,0
2083,203,0
2084,5,1
2085,84,1
2086,71,1
2087,91,1
2088,289,0
2089,74,1
2090,247,0
2091,20,1
2092,249,0
2093,135,0
2094,21,1
2095,265,0
2096,184,0
2097,232,0
2098,20,1
2099,165,0
2100,266,0
2101,140,0
2102,134,0
2103,291,0
2104,193,0
2105,39,1
2106,192,0
2107,114,1
2108,180,0
2109,176,0
2110,246,0
2111,3,1
2112,71,1
2113,117,0
2114,143,0
2115,95,1
2116,60,1
2117,212,0
2118,58,1
2119,245,0
2120,82,1
2121,210,1
2122,22,1
2123,82,1
2124,262,1
2125,293,0
2126,85,1
2127,92,1
2128,207,0
2129,288,0
2130,145,0
2131,110,1
2132,241,0
2133,87,1
2134,210,0
2135,298,0
2136,93,1
2137,261,0
2138,175,0
2139,35,1
2140,197,0
2141,8,1
2142,258,0
2143,76,1
2144,90,1
2145,19,1
2146,272,0
2147,60,1
2148,66,1
2149,276,0
2150,220,0
2151,189,0
2152,271,0
2153,246,0
2154,195,0
2155,294,0
2156,68,1
2157,119,1
2158,42,1
2159,278,0
2160,96,0
2161,3,1
2162,60,1
2163,192,0
2164,161,0
2165,54,1
2166,299,0
2167,274,0
2168,187,0
2169,203,0
2170,211,0
2171,285,0
2172,189,0
2173,247,0
2174,157,0
2175,203,0
2176,60,1
2177,228,0
2178,82,1
2179,260,0
2180,173,0
2181,26,1
2182,2,1
2183,74,1
2184,222,0
2185,134,0
2186,40,1
2187,196,0
2188,205,0
2189,266,0
2190,29,1
2191,89,1
2192,224,1
2193,265,0
2194,17,1
2195,261,0
2196,118,1
2197,18,1
2198,0,1
2199,44,1
2200,204,0
2201,202,0
2202,102,1
2203,35,1
2204,281,0
2205,286,0
2206,178,0
2207,141,0
2208,99,1
2209,206,0
2210,133,0
2211,259,0
2212,37,1
2213,174,0
2214,262,0
2215,275,0
2216,294,0
2217,226,0
2218,288,0
2219,124,0
2220,234,0
2221,300,0
2222,246,0
2223,34,1
2224,112,1
2225,117,1
2226,211,0
2227,264,0
2228,134,0
2229,47,1
2230,175,0
2231,91,1
2232,181,0
2233,293,0
2234,97,1
2235,102,1
2236,123,0
2237,105,1
2238,127,0
2239,182,0
2240,54,1
2241,40,1
2242,252,0
2243,277,0
2244,246,0
2245,161,0
2246,294,0
2247,251,0
2248,261,0
2249,113,1
2250,65,0
2251,216,0
2252,276,1
2253,177,0
2254,89,1
2255,61,1
2256,235,0
2257,4,0
2258,107,1
2259,51,1
2260,132,0
2261,134,0
2262,241,0
2263,175,0
2264,255,0
2265,214,0
2266,190,0
2267,205,0
2268,92,1
2269,294,0
2270,51,1
2271,120,1
2272,195,0
2273,76,1
2274,4,1
2275,255,0
2276,264,0
2277,161,0
2278,153,0
2279,290,1
2280,50,1
2281,30,1
2282,130,0
2283,49,1
2284,171,0
2285,184,0
2286,131,0
2287,210,0
2288,101,1
2289,275,0
2290,145,0
2291,261,0
2292,228,0
2293,195,0
2294,237,0
2295,74,1
2296,172,0
2297,292,0
2298,36,0
2299,175,0
2300,162,0
2301,136,0
2302,202,0
2303,227,0
2304,185,0
2305,266,0
2306,211,0
2307,11,1
2308,120,1
2309,40,1
2310,203,0
2311,32,1
2312,242,0
2313,13,1
2314,268,0
2315,42,1
2316,79,1
2317,199,0
2318,126,0
2319,226,0
2320,67,1
2321,87,0
2322,182,0
2323,166,0
2324,239,0
2325,276,0
2326,280,0
2327,276,0
2328,233,0
2329,288,0
2330,273,0
2331,177,0
2332,116,1
2333,226,0
2334,211,0
2335,155,1
2336,267,0
2337,69,1
2338,240,0
2339,251,0
2340,244,0
2341,220,0
2342,118,1
2343,280,0
2344,210,0
2345,223,0
2346,83,1
2347,199,0
2348,112,1
2349,216,0
2350,264,0
2351,139,0
2352,272,0
2353,211,0
2354,35,1
2355,148,0
2356,233,0
2357,139,0
2358,251,0
2359,9,1
2360,273,1
2361,52,1
2362,64,1
2363,4,1
2364,77,0
2365,111,1
2366,159,0
2367,255,0
2368,237,0
2369,16,1
2370,74,0
2371,200,0
2372,240,0
2373,128,0
2374,6,1
2375,127,0
2376,226,0
2377,17,1
2378,48,1
2379,106,1
2380,159,0
2381,81,1
2382,21,1
2383,281,0
2384,129,0
2385,152,0
2386,26,1
2387,111,1
2388,120,1
2389,166,1
2390,141,0
2391,202,0
2392,4,1
2393,297,0
2394,243,0
2395,79,1
2396,45,1
2397,255,0
2398,173,0
2399,30,0
2400,78,1
2401,54,1
2402,119,1
2403,285,0
2404,177,0
2405,224,0
2406,10,1
2407,183,0
2408,128,0
2409,248,0
2410,286,0
2411,250,0
2412,95,1
2413,165,0
2414,140,0
2415,283,0
2416,271,0
2417,151,0
2418,277,0
2419,0,1
2420,259,0
2421,94,1
2422,186,0
2423,122,0
2424,32,1
2425,275,0
2426,97,1
2427,254,0
2428,78,1
2429,165,0
2430,164,0
2431,267,0
2432,22,1
2433,66,1
2434,16,1
2435,248,0
2436,16,1
2437,198,0
2438,269,0
2439,131,1
2440,113,1
2441,36,0
2442,106,1
2443,40,1
2444,31,1
2445,212,0
2446,29,1
2447,136,0
2448,36,1
2449,39,1
2450,265,0
2451,118,1
2452,97,1
2453,127,0
2454,91,1
2455,285,0
2456,54,1
2457,295,0
2458,234,0
2459,218,0
2460,85,1
2461,281,0
2462,172,0
2463,273,0
2464,226,0
2465,161,0
2466,166,0
2467,211,0
2468,220,0
2469,165,0
2470,288,0
2471,192,0
2472,130,0
2473,231,0
2474,203,1
2475,17,1
2476,8,1
2477,154,1
2478,113,1
2479,161,1
2480,141,0
2481,261,0
2482,292,0
2483,19,1
2484,79,1
2485,187,0
2486,127,0
2487,153,0
2488,204,0
2489,111,1
2490,166,0
2491,88,1
2492,295,0
2493,48,1
2494,153,1
2495,295,0
2496,28,1
2497,171,0
2498,222,0
2499,61,1
2500,116,1
2501,5,1
2502,195,0
2503,268,1
2504,276,0
2505,167,0
2506,113,1
2507,201,0
2508,294,0
2509,113,1
2510,201,0
2511,172,0
2512,292,0
2513,280,0
2514,43,1
2515,222,0
2516,66,1
2517,246,0
2518,249,0
2519,292,0
2520,268,0
2521,36,1
2522,220,0
2523,294,0
2524,211,0
2525,178,0
2526,176,0
2527,12,1
2528,86,1
2529,226,0
2530,225,1
2531,119,1
2532,191,0
2533,43,1
2534,27,1
2535,75,1
2536,147,1
2537,56,1
2538,241,1
2539,107,1
2540,108,1
2541,267,0
2542,280,0
2543,72,1
2544,9,1
2545,269,1
2546,87,0
2547,102,1
2548,138,0
2549,4,0
2550,138,0
2551,184,0
2552,9,1
2553,197,0
2554,194,0
2555,50,1
2556,248,0
2557,272,0
2558,101,1
2559,234,0
2560,11,0
2561,271,0
2562,250,0
2563,80,0
2564,180,0
2565,154,0
2566,256,0
2567,31,1
2568,198,0
2569,15,1
2570,143,0
2571,174,0
2572,70,1
2573,195,0
2574,116,1
2575,293,0
2576,159,0
2577,168,0
2578,67,1
2579,70,1
2580,103,1
2581,158,0
2582,268,0
2583,220,0
2584,74,1
2585,289,0
2586,162,0
2587,272,0
2588,60,1
2589,74,1
2590,163,0
2591,211,0
2592,155,0
2593,140,0
2594,96,1
2595,94,0
2596,136,0
2597,118,1
2598,118,1
2599,183,0
2600,244,0
2601,240,0
2602,191,0
2603,198,0
2604,70,1
2605,115,0
2606,7,1
2607,211,0
2608,103,1
2609,33,1
2610,224,0
2611,250,0
2612,234,0
2613,218,0
2614,21,1
2615,194,0
2616,201,0
2617,292,0
2618,268,0
2619,19,1
2620,231,0
2621,21,1
2622,125,0
2623,202,0
2624,20,1
2625,264,0
2626,25,1
2627,225,0
2628,155,0
2629,146,0
2630,216,0
2631,27,1
2632,72,1
2633,231,0
2634,256,0
2635,299,0
2636,279,0
2637,211,0
2638,12,1
2639,103,1
2640,46,1
2641,83,1
2642,63,1
2643,230,0
2644,43,1
2645,196,0
2646,261,0
2647,81,1
2648,194,1
2649,87,1
2650,289,0
2651,76,1
2652,74,1
2653,26,1
2654,158,0
2655,228,0
2656,92,1
2657,67,1
2658,1,1
2659,129,1
2660,254,0
2661,278,0
2662,252,0
2663,243,0
2664,226,0
2665,3,1
2666,280,0
2667,285,0
2668,106,0
2669,75,0
2670,178,1
2671,16,1
2672,152,0
2673,44,0
2674,213,0
2675,82,1
2676,293,0
2677,90,1
2678,296,0
2679,18,1
2680,153,0
2681,194,0
2682,218,0
2683,33,1
2684,68,1
2685,140,0
2686,211,0
2687,107,1
2688,55,1
2689,270,0
2690,247,0
2691,147,0
2692,162,0
2693,294,0
2694,181,0
2695,288,0
2696,254,0
2697,92,1
2698,119,1
2699,99,0
2700,12,1
2701,60,1
2702,106,1
2703,212,0
2704,170,0
2705,108,0
2706,103,1
2707,130,0
2708,157,0
2709,281,0
2710,3,1
2711,170,0
2712,291,0
2713,14,1
2714,99,1
2715,173,0
2716,245,0
2717,18,1
2718,246,0
2719,235,0
2720,274,0
2721,236,0
2722,211,0
2723,28,1
2724,153,0
2725,161,0
2726,9,1
2727,169,0
2728,181,0
2729,76,1
2730,15,1
2731,192,0
2732,84,1
2733,199,0
2734,59,1
2735,157,0
2736,161,0
2737,139,0
2738,254,0
2739,190,0
2740,154,0
2741,154,0
2742,191,0
2743,103,1
2744,227,0
2745,247,0
2746,78,1
2747,247,0
2748,268,0
2749,167,0
2750,50,1
2751,264,0
2752,67,1
2753,18,1
2754,267,0
2755,159,0
2756,44,1
2757,23,1
2758,159,1
2759,159,0
2760,107,1
2761,98,1
2762,272,0
2763,225,0
2764,139,0
2765,140,0
2766,286,0
2767,105,1
2768,281,0
2769,72,1
2770,145,0
2771,87,0
2772,173,0
2773,25,1
2774,241,0
2775,25,1
2776,27,1
2777,200,0
2778,228,0
2779,159,0
2780,101,1
2781,273,0
2782,238,0
2783,47,1
2784,239,0
2785,158,0
2786,238,0
2787,114,1
2788,132,0
2789,200,0
2790,169,0
2791,166,0
2792,15,0
2793,57,1
2794,236,0
2795,144,0
2796,294,0
2797,52,1
2798,54,1
2799,36,1
2800,272,0
2801,211,0
2802,124,0
2803,246,0
2804,174,0
2805,220,0
2806,222,0
2807,175,0
2808,120,1
2809,39,1
2810,293,0
2811,58,1
2812,237,0
2813,49,1
2814,90,1
2815,207,0
2816,55,1
2817,194,0
2818,31,1
2819,71,1
2820,0,1
2821,76,1
2822,149,0
2823,295,0
2824,105,1
2825,162,0
2826,155,0
2827,222,0
2828,176,0
2829,298,1
2830,261,0
2831,65,1
2832,31,1
2833,281,0
2834,0,1
2835,183,0
2836,144,0
2837,120,1
2838,201,0
2839,195,0
2840,222,0
2841,88,1
2842,96,1
2843,184,0
2844,78,1
2845,64,1
2846,36,1
2847,73,1
2848,249,0
2849,69,1
2850,212,0
2851,217,0
2852,232,0
2853,282,0
2854,196,0
2855,95,1
2856,3,1
2857,121,0
2858,137,0
2859,279,0
2860,17,1
2861,290,0
2862,188,0
2863,246,0
2864,40,1
2865,269,0
2866,143,0
2867,40,1
2868,45,1
2869,39,1
2870,276,0
2871,159,0
2872,175,0
2873,5,1
2874,262,0
2875,293,0
2876,215,0
2877,150,0
2878,18,1
2879,155,0
2880,288,0
2881,242,0
2882,293,0
2883,149,0
2884,13,1
2885,42,1
2886,39,1
2887,142,0
2888,143,0
2889,131,1
2890,57,1
2891,77,1
2892,189,0
2893,133,0
2894,120,1
2895,270,0
2896,175,0
2897,74,1
2898,78,1
2899,211,0
2900,121,0
2901,85,1
2902,176,0
2903,135,0
2904,59,0
2905,237,0
2906,154,0
2907,272,0
2908,199,0
2909,74,1
2910,222,1
2911,229,0
2912,161,0
2913,21,1
2914,272,0
2915,221,0
2916,139,0
2917,136,0
2918,130,0
2919,200,0
2920,123,0
2921,99,1
2922,92,1
2923,5,1
2924,34,0
2925,50,1
2926,228,0
2927,145,0
2928,17,0
2929,47,0
2930,111,1
2931,62,1
2932,61,1
2933,66,1
2934,289,0
2935,94,1
2936,94,1
2937,239,0
2938,38,1
2939,141,0
2940,165,0
2941,37,1
2942,31,1
2943,170,0
2944,132,0
2945,135,0
2946,35,1
2947,102,1
2948,91,1
2949,55,1
2950,220,0
2951,54,1
2952,132,0
2953,37,0
2954,128,0
2955,9,1
2956,76,1
2957,0,1
2958,199,0
2959,168,0
2960,294,1
2961,251,0
2962,206,0
2963,35,1
2964,1,1
2965,246,0
2966,274,0
2967,183,0
2968,155,0
2969,46,1
2970,174,0
2971,235,0
2972,148,0
2973,90,1
2974,196,0
2975,153,0
2976,54,1
2977,183,0
2978,224,0
2979,71,0
2980,12,1
2981,122,0
2982,32,1
2983,157,0
2984,230,0
2985,8,0
2986,28,1
2987,21,1
2988,108,1
2989,267,0
2990,274,0
2991,296,0
2992,36,0
2993,72,1
2994,9,1
2995,23,1
2996,66,0
2997,25,1
2998,49,1
2999,87,1
3000,32,1
3001,54,1
3002,112,0
3003,103,1
3004,205,0
3005,294,0
3006,164,0
3007,109,1
3008,88,1
3009,61,1
3010,212,0
3011,189,0
3012,224,0
3013,297,1
3014,51,1
3015,192,0
3016,8,1
3017,41,0
3018,91,1
3019,145,0
3020,243,0
3021,105,1
3022,138,0
3023,210,0
3024,89,1
3025,19,1
3026,255,0
3027,45,1
3028,154,0
3029,2,1
3030,98,1
3031,271,0
3032,185,0
3033,276,0
3034,237,0
3035,106,1
3036,99,1
3037,76,1
3038,242,0
3039,81,1
3040,22,0
3041,186,0
3042,222,0
3043,232,1
3044,26,1
3045,90,1
3046,14,1
3047,59,0
3048,120,1
3049,296,0
3050,101,1
3051,166,0
3052,56,1
3053,50,1
3054,211,0
3055,192,0
3056,37,1
3057,248,0
3058,223,0
3059,232,0
3060,191,0
3061,99,1
3062,138,0
3063,65,0
3064,291,0
3065,69,1
3066,238,0
3067,87,1
3068,112,1
3069,80,1
3070,87,1
3071,283,0
3072,44,1
3073,267,0
3074,110,1
3075,236,0
3076,219,0
3077,126,0
3078,222,0
3079,76,1
3080,2,1
3081,22,0
3082,240,0
3083,258,1
3084,271,0
3085,50,1
3086,123,0
3087,6,1
3088,208,0
3089,67,1
3090,122,0
3091,46,0
3092,156,0
3093,235,0
3094,298,1
3095,232,0
3096,70,1
3097,207,0
3098,189,0
3099,0,1
3100,36,1
3101,170,0
3102,151,0
3103,138,0
3104,277,0
3105,106,1
3106,41,1
3107,171,0
3108,28,1
3109,186,0
3110,56,1
3111,238,0
3112,187,0
3113,286,0
3114,287,0
3115,104,1
3116,171,0
3117,58,1
3118,297,0
3119,107,1
3120,115,1
3121,136,0
3122,216,0
3123,32,1
3124,231,0
3125,269,0
3126,240,0
3127,272,0
3128,231,0
3129,33,1
3130,234,0
3131,200,0
3132,147,0
3133,39,1
3134,141,0
3135,75,1
3136,104,1
3137,11,1
3138,277,0
3139,242,0
3140,227,0
3141,10,1
3142,32,0
3143,118,1
3144,266,0
3145,210,0
3146,167,0
3147,271,0
3148,227,0
3149,290,0
3150,156,0
3151,133,0
3152,190,0
3153,24,1
3154,145,0
3155,85,1
3156,82,1
3157,146,0
3158,89,1
3159,78,1
3160,59,0
3161,162,0
3162,225,0
3163,94,1
3164,17,1
3165,176,0
3166,229,0
3167,83,1
3168,62,1
3169,207,0
3170,74,1
3171,163,0
3172,279,0
3173,169,0
3174,151,0
3175,148,0
3176,293,0
3177,289,0
3178,226,0
3179,57,1
3180,20,1
3181,282,0
3182,12,1
3183,112,1
3184,47,1
3185,99,1
3186,113,1
3187,142,0
3188,42,1
3189,228,0
3190,44,1
3191,201,0
3192,162,0
3193,261,0
3194,184,0
3195,218,0
3196,190,1
3197,176,0
3198,228,0
3199,44,1
3200,227,0
3201,212,0
3202,147,0
3203,217,0
3204,212,0
3205,300,0
3206,73,1
3207,243,0
3208,268,0
3209,33,1
3210,192,0
3211,209,0
3212,139,0
3213,284,0
3214,290,0
3215,70,1
3216,195,0
3217,251,1
3218,154,0
3219,155,0
3220,237,0
3221,1,1
3222,153,0
3223,241,0
3224,147,0
3225,251,0
3226,125,1
3227,141,0
3228,34,1
3229,185,0
3230,289,0
3231,132,0
3232,243,0
3233,61,1
3234,294,1
3235,132,0
3236,29,1
3237,236,0
3238,69,1
3239,27,1
3240,214,0
3241,182,1
3242,149,0
3243,39,1
3244,93,1
3245,85,1
3246,161,0
3247,154,0
3248,185,0
3249,296,0
3250,73,0
3251,265,0
3252,248,0
3253,83,1
3254,79,1
3255,96,1
3256,286,0
3257,269,0
3258,282,0
3259,58,1
3260,39,1
3261,67,1
3262,245,0
3263,185,0
3264,226,0
3265,267,0
3266,175,0
3267,155,1
3268,60,1
3269,72,1
3270,157,0
3271,66,1
3272,217,0
3273,57,0
3274,247,0
3275,21,1
3276,16,1
3277,262,0
3278,240,0
3279,129,1
3280,154,0
3281,49,1
3282,105,1
3283,102,1
3284,179,1
3285,74,1
3286,142,0
3287,178,0
3288,256,0
3289,123,0
3290,34,1
3291,296,0
3292,270,0
3293,98,1
3294,87,1
3295,275,1
3296,50,1
3297,258,0
3298,243,0
3299,94,1
3300,54,1
3301,181,0
3302,217,0
3303,116,1
3304,160,0
3305,56,1
3306,253,0
3307,147,0
3308,20,1
3309,252,0
3310,145,0
3311,159,0
3312,227,0
3313,208,0
3314,219,0
3315,35,1
3316,243,0
3317,188,0
3318,251,0
3319,202,0
3320,43,1
3321,202,0
3322,52,1
3323,86,0
3324,101,1
3325,206,0
3326,217,0
3327,142,0
3328,297,0
3329,204,0
3330,207,0
3331,261,0
3332,232,0
3333,128,0
3334,118,1
3335,68,0
3336,27,1
3337,255,0
3338,91,1
3339,167,0
3340,49,1
3341,266,0
3342,238,0
3343,254,0
3344,133,0
3345,276,0
3346,16,1
3347,60,1
3348,161,0
3349,226,0
3350,16,1
3351,155,0
3352,84,1
3353,68,1
3354,199,0
3355,56,1
3356,251,0
3357,276,0
3358,243,0
3359,80,1
3360,200,0
3361,193,0
3362,180,0
3363,145,0
3364,14,1
3365,65,1
3366,178,0
3367,298,1
3368,174,0
3369,219,0
3370,182,0
3371,28,1
3372,126,0
3373,159,0
3374,33,1
3375,58,1
3376,10,1
3377,19,1
3378,216,0
3379,215,0
3380,240,0
3381,162,0
3382,199,0
3383,50,1
3384,51,1
3385,105,1
3386,257,0
3387,173,0
3388,153,0
3389,223,0
3390,38,1
3391,274,0
3392,135,1
3393,293,0
3394,115,1
3395,47,1
3396,296,0
3397,172,0
3398,290,0
3399,243,0
3400,177,0
3401,154,0
3402,153,0
3403,276,0
3404,212,0
3405,263,0
3406,280,0
3407,9,1
3408,264,0
3409,295,0
3410,239,0
3411,272,0
3412,222,0
3413,30,1
3414,186,0
3415,123,0
3416,153,0
3417,210,0
3418,32,1
3419,211,0
3420,146,0
3421,131,0
3422,120,1
3423,58,1
3424,14,1
3425,158,0
3426,286,0
3427,216,0
3428,18,1
3429,139,0
3430,132,0
3431,142,0
3432,90,1
3433,21,1
3434,248,0
3435,28,1
3436,42,1
3437,152,0
3438,208,0
3439,46,1
3440,71,1
3441,292,0
3442,61,1
3443,297,0
3444,268,0
3445,46,1
3446,62,1
3447,160,0
3448,299,0
3449,120,1
3450,111,1
3451,89,1
3452,140,0
3453,130,0
3454,28,1
3455,191,0
3456,57,1
3457,216,0
3458,126,0
3459,74,1
3460,188,0
3461,10,1
3462,17,1
3463,27,1
3464,122,0
3465,196,0
3466,185,0
3467,62,1
3468,121,0
3469,198,1
3470,201,0
3471,130,0
3472,120,1
3473,82,1
3474,162,0
3475,208,0
3476,140,0
3477,251,0
3478,211,0
3479,170,0
3480,51,1
3481,133,0
3482,180,0
3483,280,0
3484,232,0
3485,26,1
3486,94,1
3487,69,0
3488,102,1
3489,160,0
3490,56,1
3491,264,0
3492,66,1
3493,210,0
3494,163,0
3495,68,1
3496,167,0
3497,101,1
3498,188,0
3499,193,0
3500,292,0
3501,11,1
3502,117,1
3503,236,0
3504,86,0
3505,219,0
3506,76,1
3507,188,0
3508,290,0
3509,269,0
3510,232,0
3511,253,0
3512,104,1
3513,136,0
3514,253,0
3515,220,0
3516,110,1
3517,144,0
3518,96,1
3519,209,0
3520,14,1
3521,134,0
3522,230,0
3523,189,0
3524,234,0
3525,240,0
3526,165,0
3527,203,0
3528,196,0
3529,131,0
3530,285,0
3531,170,0
3532,241,0
3533,23,0
3534,258,0
3535,154,0
3536,189,0
3537,286,1
3538,91,1
3539,257,0
3540,173,0
3541,67,1
3542,271,0
3543,133,0
3544,22,1
3545,255,0
3546,143,0
3547,220,0
3548,134,0
3549,135,0
3550,223,0
3551,161,0
3552,251,0
3553,77,1
3554,225,0
3555,76,0
3556,93,0
3557,133,0
3558,239,0
3559,253,1
3560,182,0
3561,287,0
3562,252,0
3563,75,1
3564,47,1
3565,145,0
3566,86,1
3567,139,0
3568,299,0
3569,2,1
3570,292,0
3571,39,1
3572,255,0
3573,168,1
3574,62,1
3575,54,1
3576,78,0
3577,235,0
3578,245,0
3579,137,0
3580,2,1
3581,22,1
3582,231,0
3583,291,0
3584,24,1
3585,144,0
3586,28,1
3587,280,0
3588,195,0
3589,130,0
3590,204,0
3591,106,1
3592,206,0
3593,78,1
3594,251,0
3595,158,0
3596,67,1
3597,49,1
3598,262,0
3599,228,0
3600,243,0
3601,216,0
3602,216,0
3603,95,1
3604,218,0
3605,262,0
3606,237,0
3607,79,1
3608,269,0
3609,268,0
3610,239,0
3611,244,0
3612,65,1
3613,153,0
3614,267,0
3615,291,1
3616,39,1
3617,262,0
3618,217,0
3619,237,0
3620,291,0
3621,181,0
3622,41,1
3623,8,1
3624,236,0
3625,93,1
3626,23,1
3627,152,0
3628,232,0
3629,230,0
3630,135,0
3631,95,1
3632,40,1
3633,132,0
3634,54,1
3635,9,0
3636,59,0
3637,244,0
3638,207,0
3639,249,0
3640,184,0
3641,202,0
3642,44,1
3643,7,1
3644,8,1
3645,96,1
3646,107,1
3647,74,1
3648,223,0
3649,275,0
3650,154,0
3651,75,1
3652,11,1
3653,78,1
3654,227,0
3655,241,1
3656,230,0
3657,103,1
3658,200,0
3659,4,1
3660,221,0
3661,253,0
3662,283,0
3663,18,1
3664,248,0
3665,249,0
3666,31,1
3667,216,0
3668,283,0
3669,213,0
3670,59,1
3671,177,0
3672,223,1
3673,147,0
3674,240,0
3675,118,1
3676,300,0
3677,173,0
3678,239,0
3679,150,0
3680,199,0
3681,184,0
3682,82,1
3683,144,0
3684,44,1
3685,66,1
3686,80,1
3687,51,1
3688,252,0
3689,107,1
3690,9,1
3691,133,0
3692,81,1
3693,257,1
3694,32,1
3695,58,1
3696,61,1
3697,249,0
3698,174,0
3699,23,1
3700,285,0
3701,77,1
3702,263,0
3703,53,1
3704,224,0
3705,56,1
3706,52,1
3707,21,1
3708,85,1
3709,105,1
3710,80,1
3711,226,0
3712,255,0
3713,50,1
3714,186,0
3715,70,1
3716,103,1
3717,212,0
3718,3,1
3719,242,0
3720,258,0
3721,136,0
3722,212,0
3723,125,0
3724,271,0
3725,116,1
3726,219,0
3727,209,0
3728,264,0
3729,185,0
3730,226,0
3731,5,1
3732,264,0
3733,43,1
3734,205,0
3735,84,1
3736,201,0
3737,77,1
3738,29,1
3739,266,0
3740,214,0
3741,283,0
3742,160,0
3743,4,1
3744,270,0
3745,75,1
3746,228,0
3747,278,0
3748,226,0
3749,207,0
3750,154,0
3751,275,0
3752,64,1
3753,276,0
3754,47,1
3755,159,0
3756,81,0
3757,276,0
3758,123,0
3759,155,0
3760,258,0
3761,30,1
3762,132,0
3763,181,0
3764,63,1
3765,293,0
3766,232,0
3767,120,1
3768,297,0
3769,273,0
3770,119,1
3771,145,0
3772,293,0
3773,193,0
3774,126,0
3775,264,0
3776,184,0
3777,75,1
3778,210,0
3779,31,1
3780,66,1
3781,228,0
3782,269,0
3783,286,0
3784,202,0
3785,299,0
3786,216,0
3787,250,0
3788,213,0
3789,73,1
3790,248,0
3791,66,1
3792,262,0
3793,60,1
3794,233,0
3795,80,1
3796,189,0
3797,60,1
3798,209,0
3799,189,0
3800,20,1
3801,60,1
3802,191,0
3803,248,1
3804,73,1
3805,215,1
3806,156,0
3807,110,1
3808,250,1
3809,280,0
3810,22,1
3811,293,0
3812,231,0
3813,193,0
3814,67,1
3815,258,0
3816,230,0
3817,76,1
3818,166,0
3819,209,0
3820,202,0
3821,23,1
3822,226,0
3823,45,1
3824,12,1
3825,158,0
3826,63,1
3827,43,1
3828,277,0
3829,27,1
3830,267,0
3831,243,0
3832,9,1
3833,272,0
3834,9,1
3835,105,1
3836,296,0
3837,273,0
3838,205,0
3839,251,0
3840,11,1
3841,92,1
3842,270,0
3843,131,0
3844,50,1
3845,146,0
3846,130,0
3847,78,1
3848,208,0
3849,30,1
3850,166,0
3851,29,1
3852,50,1
3853,211,0
3854,132,0
3855,61,0
3856,122,0
3857,300,0
3858,260,0
3859,197,0
3860,137,0
3861,237,0
3862,33,1
3863,208,0
3864,9,1
3865,300,0
3866,126,0
3867,64,1
3868,208,0
3869,256,0
3870,72,1
3871,86,1
3872,275,0
3873,284,0
3874,0,1
3875,148,0
3876,85,0
3877,246,0
3878,128,0
3879,194,0
3880,108,1
3881,261,0
3882,82,1
3883,288,0
3884,45,1
3885,62,1
3886,284,0
3887,221,0
3888,258,0
3889,162,0
3890,175,0
3891,231,0
3892,164,0
3893,235,0
3894,168,1
3895,68,1
3896,1,1
3897,2,1
3898,88,1
3899,250,0
3900,275,0
3901,39,1
3902,227,0
3903,180,0
3904,192,0
3905,183,0
3906,4,1
3907,189,0
3908,227,1
3909,10,1
3910,183,0
3911,155,0
3912,113,1
3913,252,0
3914,18,1
3915,107,0
3916,202,0
3917,142,0
3918,252,0
3919,99,1
3920,289,0
3921,289,0
3922,65,1
3923,65,1
3924,291,0
3925,267,0
3926,140,0
3927,11,1
3928,272,0
3929,286,0
3930,1,1
3931,26,1
3932,165,0
3933,208,0
3934,265,0
3935,185,0
3936,22,1
3937,114,0
3938,215,0
3939,161,1
3940,99,1
3941,292,0
3942,115,1
3943,216,0
3944,127,0
3945,168,0
3946,49,0
3947,221,0
3948,171,0
3949,126,0
3950,122,0
3951,27,1
3952,266,0
3953,37,1
3954,224,0
3955,228,0
3956,43,1
3957,17,1
3958,33,1
3959,31,1
3960,226,0
3961,221,0
3962,28,1
3963,150,0
3964,205,0
3965,210,0
3966,5,1
3967,237,0
3968,51,1
3969,13,1
3970,168,0
3971,55,1
3972,34,1
3973,99,1
3974,64,1
3975,131,0
3976,246,0
3977,227,0
3978,70,1
3979,30,1
3980,299,0
3981,183,0
3982,277,0
3983,75,1
3984,175,0
3985,4,1
3986,74,0
3987,259,0
3988,286,0
3989,216,0
3990,102,1
3991,103,1
3992,174,0
3993,243,0
3994,239,0
3995,169,0
3996,289,0
3997,153,0
3998,83,1
3999,21,1
4000,1,1
4001,117,1
4002,109,1
4003,169,0
4004,192,0
4005,94,1
4006,3,1
4007,37,1
4008,284,0
4009,148,0
4010,299,0
4011,184,1
4012,15,1
4013,145,0
4014,134,0
4015,173,0
4016,125,0
4017,11,1
4018,134,0
4019,10,1
4020,70,1
4021,56,1
4022,107,1
4023,122,0
4024,190,0
4025,269,0
4026,222,0
4027,33,1
4028,66,1
4029,98,1
4030,191,0
4031,219,0
4032,125,0
4033,300,0
4034,274,0
4035,76,1
4036,27,1
4037,143,0
4038,260,0
4039,250,0
4040,41,1
4041,33,1
4042,198,0
4043,260,0
4044,265,0
4045,164,0
4046,269,0
4047,253,0
4048,297,0
4049,298,0
4050,106,1
4051,103,1
4052,120,1
4053,156,0
4054,193,0
4055,191,0
4056,43,1
4057,43,1
4058,265,0
4059,298,1
4060,262,0
4061,218,0
4062,221,0
4063,254,0
4064,195,1
4065,226,0
4066,38,1
4067,42,1
4068,256,0
4069,40,1
4070,116,1
4071,36,1
4072,279,0
4073,100,1
4074,128,0
4075,140,0
4076,70,1
4077,278,0
4078,4,1
4079,144,0
4080,206,0
4081,296,0
4082,6,1
4083,262,0
4084,76,1
4085,116,1
4086,107,1
4087,264,0
4088,282,0
4089,236,0
4090,43,1
4091,96,1
4092,213,0
4093,230,0
4094,15,1
4095,295,0
4096,156,0
4097,4,1
4098,181,0
4099,214,0
4100,206,0
4101,275,0
4102,300,1
4103,16,1
4104,78,1
4105,169,0
4106,293,0
4107,195,0
4108,200,0
4109,197,0
4110,55,1
4111,231,0
4112,155,0
4113,53,1
4114,90,0
4115,250,1
4116,101,0
4117,197,0
4118,119,1
4119,268,0
4120,29,1
4121,5,1
4122,210,0
4123,56,1
4124,214,0
4125,35,1
4126,105,1
4127,105,1
4128,243,0
4129,294,0
4130,300,0
4131,234,0
4132,3,1
4133,228,0
4134,204,0
4135,126,0
4136,291,0
4137,235,0
4138,20,1
4139,147,0
4140,233,0
4141,152,0
4142,89,1
4143,91,1
4144,221,0
4145,93,1
4146,48,1
4147,22,1
4148,80,1
4149,275,0
4150,34,1
4151,111,1
4152,210,0
4153,283,0
4154,188,0
4155,53,1
4156,166,0
4157,84,1
4158,259,1
4159,13,0
4160,236,0
4161,204,0
4162,203,1
4163,128,0
4164,69,1
4165,237,0
4166,34,1
4167,124,0
4168,224,0
4169,142,0
4170,87,1
4171,51,1
4172,63,1
4173,200,0
4174,5,1
4175,78,1
4176,91,1
4177,17,1
4178,272,0
4179,24,1
4180,267,0
4181,52,1
4182,157,0
4183,2,0
4184,193,0
4185,127,0
4186,122,0
4187,8,1
4188,7,1
4189,98,1
4190,32,1
4191,49,1
4192,85,1
4193,22,1
4194,55,1
4195,165,0
4196,97,1
4197,277,0
4198,219,0
4199,109,1
4200,165,0
4201,205,0
4202,6,1
4203,234,0
4204,142,0
4205,188,1
4206,111,1
4207,255,0
4208,52,1
4209,291,0
4210,48,1
4211,198,0
4212,68,1
4213,162,0
4214,246,0
4215,9,1
4216,299,0
4217,261,0
4218,119,1
4219,6,1
4220,63,1
4221,219,0
4222,40,0
4223,191,0
4224,103,1
4225,104,1
4226,121,0
4227,227,0
4228,168,0
4229,162,0
4230,20,1
4231,212,0
4232,147,0
4233,117,1
4234,169,0
4235,105,1
4236,127,0
4237,113,1
4238,195,0
4239,93,1
4240,3,0
4241,251,0
4242,98,0
4243,72,1
4244,64,1
4245,281,0
4246,104,1
4247,40,1
4248,239,0
4249,101,1
4250,90,1
4251,155,0
4252,229,0
4253,103,1
4254,246,0
4255,184,0
4256,85,1
4257,216,0
4258,221,0
4259,246,1
4260,195,0
4261,42,1
4262,153,0
4263,78,1
4264,89,1
4265,237,0
4266,145,0
4267,246,0
4268,69,1
4269,100,1
4270,97,0
4271,256,0
4272,191,0
4273,212,0
4274,191,0
4275,157,0
4276,36,1
4277,19,1
4278,63,1
4279,289,0
4280,223,0
4281,178,0
4282,250,0
4283,188,0
4284,197,0
4285,126,0
4286,17,1
4287,185,0
4288,14,1
4289,75,1
4290,233,0
4291,75,1
4292,296,0
4293,82,0
4294,47,1
4295,196,0
4296,300,0
4297,41,1
4298,96,1
4299,84,1
4300,129,0
4301,256,0
4302,195,0
4303,210,0
4304,45,1
4305,293,0
4306,176,0
4307,137,0
4308,203,0
4309,3,1
4310,251,1
4311,35,1
4312,213,0
4313,147,0
4314,87,1
4315,95,1
4316,101,1
4317,257,0
4318,230,0
4319,108,1
4320,30,1
4321,98,1
4322,209,0
4323,55,1
4324,85,0
4325,43,1
4326,141,0
4327,15,1
4328,244,0
4329,51,0
4330,136,0
4331,3,1
4332,21,1
4333,267,0
4334,192,0
4335,136,0
4336,242,0
4337,219,0
4338,175,0
4339,122,0
4340,204,0
4341,29,1
4342,169,0
4343,1,1
4344,205,0
4345,71,0
4346,62,1
4347,143,0
4348,127,0
4349,243,0
4350,96,0
4351,164,1
4352,184,0
4353,166,0
4354,119,1
4355,204,0
4356,41,1
4357,243,0
4358,51,1
4359,150,0
4360,73,1
4361,292,0
4362,258,1
4363,254,0
4364,154,0
4365,280,0
4366,239,0
4367,228,0
4368,246,0
4369,123,0
4370,87,1
4371,45,1
4372,14,1
4373,167,0
4374,143,0
4375,131,0
4376,63,1
4377,273,0
4378,251,0
4379,170,0
4380,294,0
4381,33,1
4382,193,0
4383,195,0
4384,287,0
4385,223,0
4386,114,1
4387,148,0
4388,45,1
4389,96,1
4390,59,1
4391,65,1
4392,194,0
4393,0,1
4394,274,0
4395,198,0
4396,163,0
4397,64,1
4398,113,1
4399,4,1
4400,235,0
4401,151,0
4402,255,0
4403,75,1
4404,74,1
4405,17,1
4406,158,0
4407,63,1
4408,293,0
4409,110,1
4410,192,0
4411,170,0
4412,107,1
4413,115,1
4414,26,1
4415,91,1
4416,200,0
4417,81,1
4418,280,0
4419,216,0
4420,178,0
4421,200,0
4422,144,0
4423,99,1
4424,280,0
4425,67,1
4426,297,0
4427,27,1
4428,155,0
4429,83,1
4430,226,0
4431,149,0
4432,107,1
4433,100,1
4434,4,1
4435,294,0
4436,75,1
4437,218,0
4438,86,1
4439,49,1
4440,242,0
4441,26,1
4442,263,0
4443,222,0
4444,206,0
4445,60,1
4446,250,0
4447,88,1
4448,192,0
4449,45,1
4450,195,0
4451,227,0
4452,61,1
4453,62,1
4454,260,0
4455,300,0
4456,293,0
4457,48,1
4458,92,1
4459,222,0
4460,64,1
4461,32,1
4462,275,0
4463,10,1
4464,274,0
4465,271,0
4466,265,0
4467,275,0
4468,63,1
4469,106,1
4470,60,1
4471,92,0
4472,228,0
4473,62,0
4474,294,0
4475,82,1
4476,131,0
4477,17,1
4478,63,1
4479,186,0
4480,87,1
4481,0,1
4482,23,1
4483,265,0
4484,150,0
4485,227,0
4486,251,0
4487,267,0
4488,180,0
4489,261,0
4490,50,1
4491,22,1
4492,96,1
4493,110,1
4494,282,0
4495,183,0
4496,216,0
4497,130,0
4498,83,1
4499,42,1
4500,217,0
4501,73,1
4502,36,1
4503,137,0
4504,98,1
4505,288,0
4506,261,0
4507,214,0
4508,161,0
4509,222,0
4510,126,0
4511,63,1
4512,280,0
4513,168,0
4514,185,0
4515,139,0
4516,115,1
4517,50,1
4518,113,1
4519,53,1
4520,63,1
4521,156,0
4522,250,0
4523,178,0
4524,144,0
4525,50,1
4526,87,1
4527,199,0
4528,272,0
4529,206,0
4530,65,1
4531,262,0
4532,64,1
4533,290,0
4534,27,1
4535,189,0
4536,127,0
4537,214,0
4538,93,1
4539,181,0
4540,257,0
4541,219,0
4542,117,1
4543,44,1
4544,208,0
4545,46,1
4546,39,1
4547,47,1
4548,29,1
4549,146,0
4550,252,0
4551,5,1
4552,217,0
4553,69,1
4554,263,0
4555,272,0
4556,207,1
4557,97,1
4558,3,1
4559,273,0
4560,125,0
4561,270,0
4562,21,1
4563,86,1
4564,268,0
4565,89,0
4566,68,1
4567,26,1
4568,194,0
4569,57,1
4570,127,0
4571,60,1
4572,247,0
4573,109,0
4574,291,0
4575,156,0
4576,263,0
4577,18,1
4578,249,0
4579,3,1
4580,168,0
4581,54,0
4582,95,1
4583,4,1
4584,251,0
4585,270,0
4586,78,1
4587,249,1
4588,128,0
4589,202,0
4590,186,0
4591,93,1
4592,137,0
4593,224,0
4594,224,0
4595,181,0
4596,2,1
4597,101,1
4598,145,1
4599,202,0
4600,169,0
4601,82,1
4602,245,0
4603,136,0
4604,250,0
4605,65,1
4606,204,0
4607,199,0
4608,55,1
4609,64,1
4610,256,1
4611,121,0
4612,175,0
4613,4,1
4614,148,0
4615,42,1
4616,126,0
4617,261,0
4618,143,0
4619,134,0
4620,126,0
4621,219,0
4622,52,1
4623,257,0
4624,96,1
4625,76,1
4626,67,1
4627,140,0
4628,74,1
4629,102,1
4630,26,1
4631,268,0
4632,118,1
4633,218,0
4634,261,0
4635,26,1
4636,137,0
4637,179,0
4638,126,0
4639,24,1
4640,0,0
4641,164,0
4642,241,0
4643,51,1
4644,129,0
4645,186,0
4646,57,1
4647,6,1
4648,66,1
4649,185,0
4650,270,0
4651,121,0
4652,107,1
4653,44,1
4654,66,1
4655,61,0
4656,97,1
4657,228,0
4658,38,1
4659,175,0
4660,242,0
4661,103,1
4662,78,0
4663,98,1
4664,129,0
4665,286,0
4666,187,0
4667,60,1
4668,34,1
4669,268,0
4670,257,0
4671,85,1
4672,66,1
4673,289,0
4674,97,1
4675,203,0
4676,272,0
4677,38,1
4678,260,0
4679,199,0
4680,139,0
4681,1,1
4682,111,1
4683,4,1
4684,262,0
4685,268,0
4686,112,1
4687,137,0
4688,87,1
4689,273,0
4690,20,1
4691,142,0
4692,138,0
4693,26,1
4694,127,0
4695,107,1
4696,0,1
4697,188,0
4698,281,0
4699,68,1
4700,150,0
4701,29,1
4702,5,1
4703,112,1
4704,143,0
4705,8,1
4706,298,0
4707,195,0
4708,131,0
4709,282,0
4710,226,0
4711,137,0
4712,202,0
4713,118,1
4714,222,0
4715,245,0
4716,92,1
4717,90,1
4718,251,0
4719,92,1
4720,10,1
4721,90,1
4722,96,0
4723,36,1
4724,232,0
4725,206,0
4726,269,0
4727,6,1
4728,193,0
4729,56,1
4730,22,1
4731,42,1
4732,6,1
4733,4,1
4734,54,1
4735,173,0
4736,43,1
4737,245,0
4738,227,0
4739,157,0
4740,79,1
4741,278,0
4742,278,0
4743,22,1
4744,151,0
4745,212,0
4746,114,0
4747,218,0
4748,180,0
4749,115,1
4750,196,0
4751,57,1
4752,56,1
4753,144,0
4754,170,0
4755,43,1
4756,77,1
4757,271,0
4758,92,1
4759,76,1
4760,154,0
4761,146,0
4762,53,1
4763,255,0
4764,135,0
4765,39,1
4766,76,1
4767,75,1
4768,199,0
4769,244,0
4770,57,1
4771,142,0
4772,165,0
4773,93,1
4774,180,0
4775,217,0
4776,211,0
4777,170,0
4778,125,0
4779,281,0
4780,273,0
4781,274,0
4782,196,0
4783,215,0
4784,112,1
4785,120,1
4786,104,1
4787,8,1
4788,242,0
4789,56,0
4790,178,0
4791,71,1
4792,73,1
4793,282,0
4794,215,0
4795,114,0
4796,70,1
4797,73,1
4798,13,1
4799,217,0
4800,54,1
4801,37,1
4802,80,0
4803,187,0
4804,125,0
4805,291,0
4806,213,0
4807,93,1
4808,71,1
4809,153,0
4810,172,0
4811,6,1
4812,79,0
4813,16,1
4814,88,1
4815,5,1
4816,216,0
4817,232,0
4818,132,0
4819,256,0
4820,116,1
4821,80,1
4822,47,1
4823,64,1
4824,205,0
4825,112,1
4826,286,0
4827,39,1
4828,239,0
4829,207,0
4830,84,0
4831,190,0
4832,99,1
4833,53,0
4834,171,1
4835,144,0
4836,54,0
4837,5,1
4838,158,0
4839,103,1
4840,16,1
4841,43,1
4842,289,1
4843,247,1
4844,161,0
4845,158,1
4846,182,0
4847,203,0
4848,161,0
4849,182,0
4850,49,1
4851,257,0
4852,76,0
4853,195,0
4854,19,1
4855,77,1
4856,40,1
4857,47,1
4858,118,1
4859,72,1
4860,82,1
4861,256,0
4862,267,0
4863,174,0
4864,67,1
4865,184,0
4866,220,1
4867,198,0
4868,38,1
4869,290,0
4870,254,0
4871,7,1
4872,158,0
4873,44,1
4874,232,0
4875,151,0
4876,143,0
4877,180,0
4878,91,1
4879,235,0
4880,242,0
4881,226,0
4882,71,1
4883,291,0
4884,186,0
4885,205,0
4886,66,1
4887,262,0
4888,160,0
4889,211,0
4890,134,0
4891,21,1
4892,29,1
4893,125,0
4894,287,1
4895,53,1
4896,81,1
4897,37,1
4898,236,0
4899,178,0
4900,273,0
4901,238,0
4902,92,1
4903,203,0
4904,102,1
4905,33,1
4906,248,0
4907,243,0
4908,232,1
4909,79,1
4910,74,1
4911,163,0
4912,194,0
4913,185,0
4914,242,0
4915,108,1
4916,216,0
4917,90,1
4918,35,1
4919,41,1
4920,231,0
4921,268,0
4922,132,0
4923,27,1
4924,219,0
4925,152,0
4926,178,0
4927,246,0
4928,82,1
4929,223,0
4930,292,0
4931,5,1
4932,101,0
4933,296,0
4934,165,0
4935,162,1
4936,234,0
4937,255,0
4938,58,1
4939,208,0
4940,1,1
4941,64,1
4942,296,0
4943,111,1
4944,96,1
4945,279,0
4946,193,0
4947,107,1
4948,295,0
4949,189,0
4950,8,1
4951,157,0
4952,63,1
4953,233,0
4954,180,0
4955,277,0
4956,171,0
4957,90,1
4958,191,0
4959,83,1
4960,195,0
4961,223,0
4962,50,1
4963,53,1
4964,8,1
4965,210,0
4966,278,0
4967,227,0
4968,16,1
4969,215,0
4970,232,0
4971,58,1
4972,240,0
4973,179,0
4974,237,0
4975,202,1
4976,191,0
4977,259,0
4978,135,0
4979,212,0
4980,2,1
4981,212,1
4982,13,1
4983,191,0
4984,265,0
4985,162,0
4986,292,0
4987,123,0
4988,200,0
4989,201,0
4990,295,0
4991,199,0
4992,88,1
4993,162,0
4994,223,0
4995,64,1
4996,295,0
4997,133,0
4998,81,1
4999,104,1
5000,13,1
